City,Faisalabad,Islamabad,Karachi,Lahore,Multan
Faisalabad,1.0,0.9456837154391906,0.9838764928559446,0.9998904409723295,0.9939764374670824
Islamabad,0.9456837154391906,1.0,0.999793740608786,0.9984325778284179,0.8101710836428448
Karachi,0.9838764928559446,0.999793740608786,1.0,0.9927279233140729,0.9993746284101016
Lahore,0.9998904409723295,0.9984325778284179,0.9927279233140729,1.0,0.7198232950572483
Multan,0.9939764374670824,0.8101710836428448,0.9993746284101016,0.7198232950572483,1.0
