Store,Al-Fatah,Chase Up,Metro
Al-Fatah,1.0,0.6818833022893943,0.8248843861504035
Chase Up,0.6818833022893943,1.0,0.6657114551088008
Metro,0.8248843861504035,0.6657114551088008,1.0
